date,open,high,low,close,volume
2021-07-07,1116.6667,1345,1041.6667,1165,3126300
2021-07-08,1266.6667,1398.3333,1255,1398.3333,1816200
2021-07-09,1481.6667,1530,1253.3333,1300,7600200
2021-07-12,1310,1376.6667,1258.3333,1288.3333,2498700
2021-07-13,1278.3333,1283.3333,1195,1195,1280100
2021-07-14,1200,1273.3333,1200,1243.3333,1044900
2021-07-15,1278.3333,1325,1216.6667,1235,1110900
2021-07-16,1220,1243.3333,1140,1170,441900
2021-07-19,1150,1163.3333,1015,1040,483600
2021-07-20,1016.6667,1020,936.6667,943.3333,378300
2021-07-21,968.3333,971.6667,871,890,303600
2021-07-26,897.3333,928.3333,830.3333,850.6667,254700
2021-07-27,860,1018.3333,854.3333,1018.3333,2193300
2021-07-28,1018.3333,1030,886.3333,901.6667,1464900
2021-07-29,903.3333,948.3333,867.6667,921,470700
2021-07-30,900,910,836,839,242400
2021-08-02,823,823,777.3333,785.3333,186300
2021-08-03,768.6667,820.6667,761.6667,809.6667,165000
2021-08-04,793,816,752.6667,760.3333,88200
2021-08-05,750.6667,752,682,695,185700
2021-08-06,700,705,654.3333,675.3333,134700
2021-08-10,675.6667,724.6667,663.6667,716.3333,92700
2021-08-11,716.6667,740,690,730,99900
2021-08-12,726.3333,896.6667,698,896.6667,284700
2021-08-13,901,926.6667,753.6667,756.3333,1559700
2021-08-16,723,742.6667,680.3333,690,285900
2021-08-17,723.3333,751.3333,671,671,235800
2021-08-18,704.3333,736,665,728.3333,206700
2021-08-19,711.6667,729.3333,687.3333,695.3333,145200
2021-08-20,695,715.3333,685,685,68100
2021-08-23,686.6667,716.6667,686.6667,700.3333,60300
2021-08-24,733.6667,751,700.6667,740,122700
2021-08-25,740.3333,743.3333,717,718.3333,111900
2021-08-26,733.3333,798.6667,716,783.3333,183300
2021-08-27,766.6667,766.6667,727.3333,743.3333,187800
2021-08-30,767,791.3333,750.3333,790,137400
2021-08-31,820,860,800.6667,853,306600
2021-09-01,854,881.6667,797.3333,834.3333,213300
2021-09-02,833.3333,836,787.6667,800,144300
2021-09-03,796.6667,823.3333,778.3333,778.3333,94800
2021-09-06,783.3333,798.3333,771,780.3333,50400
2021-09-07,780,789.6667,763.3333,775.3333,53700
2021-09-08,767.6667,775.3333,743.3333,760.3333,88500
2021-09-09,760.3333,783.3333,757.3333,759,64500
2021-09-10,775.6667,811,767,810,66000
2021-09-13,801,801,776.3333,786.6667,54300
2021-09-14,787.6667,799,776.6667,783.3333,34800
2021-09-15,780,784.3333,763.3333,770,29100
2021-09-16,776.6667,776.6667,716,724.3333,92100
2021-09-17,723.3333,760,717.3333,751,38700
2021-09-21,701,720.3333,695.3333,716.6667,29400
2021-09-22,713.3333,716.6667,695.6667,700,36300
2021-09-24,710,721.6667,710,711.6667,22500
2021-09-27,722,734.3333,713.6667,714.3333,25500
2021-09-28,716.6667,716.6667,694.3333,695,24900
2021-09-29,673.6667,713.3333,670.3333,687,33300
2021-09-30,684.6667,691,675.6667,689.3333,24300
2021-10-01,689,689,673.6667,676.6667,17700
2021-10-04,686,686,638.3333,644.6667,33000
2021-10-05,640.6667,640.6667,616,632.3333,33000
2021-10-06,630,637.3333,611,612,26700
2021-10-07,612.6667,637,612.6667,630,12300
2021-10-08,629.3333,643.3333,628.6667,631,9900
2021-10-11,631,643.3333,620.6667,643.3333,9600
2021-10-12,636.6667,636.6667,617.3333,620.6667,21600
2021-10-13,620,620,606.6667,614.6667,27300
2021-10-14,610,618,609.6667,613,3600
2021-10-15,607.3333,626,605.3333,615,23100
2021-10-18,610.3333,612,608.3333,609,5700
2021-10-19,613.3333,629.6667,609,629.6667,23700
2021-10-20,633,640,626.6667,638,10800
2021-10-21,636.6667,636.6667,612.3333,614,22200
2021-10-22,614,631.6667,610,626.3333,16200
2021-10-25,618.6667,641.6667,613.6667,631,25500
2021-10-26,633,640,628,628.3333,7800
2021-10-27,628.3333,628.3333,618.3333,620.6667,10800
2021-10-28,622.6667,633.3333,617.3333,623.6667,9300
2021-10-29,628.3333,628.3333,616.6667,616.6667,8700
2021-11-01,628,628,616.6667,619.6667,12000
2021-11-02,621.6667,643,616.6667,642.6667,23100
2021-11-04,650,663.3333,644.6667,662.6667,30600
2021-11-05,662.6667,665.3333,653.3333,663,18900
2021-11-08,666.3333,671.6667,646.6667,648.6667,22200
2021-11-09,662,662,640,641,12600
2021-11-10,641,651.3333,638.3333,648.6667,10500
2021-11-11,647.6667,653.3333,634,643,29100
2021-11-12,643,673.3333,617.6667,630,108600
2021-11-15,626.6667,630,591.6667,593.6667,83400
2021-11-16,633,640,616.6667,636,111300
2021-11-17,647.6667,678.6667,636.6667,651.3333,102900
2021-11-18,648.3333,648.3333,583.6667,608.6667,126300
2021-11-19,603,603.3333,588.6667,593.6667,30300
2021-11-22,594,594.3333,577.6667,581,28800
2021-11-24,581,583.6667,572.3333,573.6667,9300
2021-11-25,577,577,566.3333,566.6667,20700
2021-11-26,566.6667,566.6667,536.3333,536.3333,39900
2021-11-29,523,530.6667,512,512,29100
2021-11-30,516.6667,522,505.3333,505.3333,13800
2021-12-01,501,505.3333,475,483,36300
2021-12-02,470.3333,482,467,468.6667,20700
2021-12-03,468.6667,480.6667,459,478.6667,24300
2021-12-06,473.6667,478.3333,470.3333,472,6900
2021-12-07,478,486.3333,475.3333,475.3333,10500
2021-12-08,483.3333,489.3333,476.6667,489.3333,21900
2021-12-09,488.3333,563.3333,475.3333,500,213300
2021-12-10,499,499,476.6667,478.3333,29700
2021-12-13,479,479.3333,470,471.3333,17400
2021-12-14,467,483.3333,463.3333,472.3333,26700
2021-12-15,465.3333,470.6667,462.6667,465.6667,10800
2021-12-16,468.6667,475,468.6667,470,12600
2021-12-17,465,465.3333,459.3333,461,24300
2021-12-20,467,486.6667,466.6667,479.6667,50400
2021-12-21,483.3333,493.3333,476.6667,484.6667,21000
2021-12-22,484.6667,499.3333,474.3333,499.3333,22800
2021-12-23,499.3333,504.3333,483.3333,491.6667,18000
2021-12-24,491.6667,491.6667,474.6667,474.6667,26100
2021-12-27,480.3333,480.3333,468.6667,474.6667,19800
2021-12-28,472,472,459.6667,465.3333,62700
2021-12-29,471.6667,491.6667,471.6667,477,27900
2021-12-30,487,495,477,480,20700
2022-01-04,479.6667,483.3333,469,472,24300
2022-01-05,472,472,461.6667,462,19500
2022-01-06,454,455.3333,435.6667,437.6667,42600
2022-01-07,435.6667,448,418.6667,432.3333,52200
2022-01-11,423.3333,423.3333,417,417.3333,18000
2022-01-12,420.6667,450,420.6667,434.6667,42900
2022-01-13,437.3333,445.6667,435.6667,444.3333,33900
2022-01-14,435,444,426.3333,432,33600
2022-01-17,428.3333,432.6667,420,423,12300
2022-01-18,423,425.6667,408.3333,412.3333,24000
2022-01-19,407,407,388,392.3333,40800
2022-01-20,392.3333,411.6667,392.3333,411.6667,25200
2022-01-21,406.6667,418.3333,401.6667,410,11400
2022-01-24,407,428.3333,406.6667,421.6667,50100
2022-01-25,421.6667,421.6667,399.3333,400,22800
2022-01-26,400,415.3333,400,409.3333,4200
2022-01-27,409.3333,410.3333,372.3333,373,43800
2022-01-28,373,376.6667,367,367.6667,21900
2022-01-31,370,390.3333,370,385,17100
2022-02-01,388.3333,398,387,390,12600
2022-02-02,393.3333,405,389.6667,405,15900
2022-02-03,396.6667,405,391.3333,405,4500
2022-02-04,400.3333,404.3333,398.3333,401.6667,4200
2022-02-07,401.6667,411.3333,390.3333,411.3333,14400
2022-02-08,407.6667,409.3333,398,398,8100
2022-02-09,406.6667,406.6667,393.3333,405,15600
2022-02-10,403.3333,416.3333,400.6667,416.3333,11100
2022-02-14,406,409.3333,350.6667,350.6667,85200
2022-02-15,350,353.3333,330.6667,333.6667,67800
2022-02-16,334,336.3333,329,329.6667,22200
2022-02-17,330,330.6667,321.6667,327.6667,19200
2022-02-18,318.3333,329,316,328.3333,17400
2022-02-21,323.3333,324.6667,318.3333,322.3333,13800
2022-02-22,307.3333,321,307.3333,320.6667,38700
2022-02-24,313,313,292.6667,297,81000
2022-02-25,302,312,292.3333,304.3333,173400
2022-02-28,304,320,304,310,39000
2022-03-01,310.3333,327.6667,310.3333,321,52200
2022-03-02,311.6667,323.3333,303.3333,320.6667,38100
2022-03-03,333,342.6667,327.6667,334.6667,96300
2022-03-04,331.6667,331.6667,310.6667,317.6667,56700
2022-03-07,307.6667,310,299,305.3333,28800
2022-03-08,304,308,296.3333,296.6667,15300
2022-03-09,296.6667,306,296.6667,302,5400
2022-03-10,308.3333,316.6667,308.3333,315.3333,21000
2022-03-11,310.6667,310.6667,302,305.6667,20700
2022-03-14,308.3333,313,303.6667,311.3333,18900
2022-03-15,306.3333,315.6667,304.3333,315,15600
2022-03-16,315,326.6667,312,324,40200
2022-03-17,342.3333,364.6667,331,333.6667,247800
2022-03-18,326.6667,339,326.3333,334.3333,38100
2022-03-22,340,340,330.6667,334.3333,20700
2022-03-23,342.3333,346,337.3333,342,18300
2022-03-24,335.6667,337.3333,333,337.3333,15000
2022-03-25,343,349.3333,338,349,18900
2022-03-28,352.6667,353.3333,334.6667,336.6667,23100
2022-03-29,336.6667,339.6667,332.6667,336.6667,12600
2022-03-30,339.3333,366.3333,336.6667,366.3333,35400
2022-03-31,361,366.6667,347.3333,361.6667,33600
2022-04-01,355.6667,361.6667,345.6667,359.6667,8400
2022-04-04,359.6667,389.6667,358.3333,386.6667,30300
2022-04-05,381.3333,384.3333,370.3333,384.3333,48000
2022-04-06,377.3333,378.3333,369,373.3333,29700
2022-04-07,370,370,354.3333,354.6667,21900
2022-04-08,364.6667,364.6667,347,354,20400
2022-04-11,356,356,345,346.6667,13500
2022-04-12,344.6667,349.6667,337.6667,337.6667,18600
2022-04-13,339,359,339,340.3333,27900
2022-04-14,348.6667,348.6667,339.3333,345.6667,8100
2022-04-15,340,340,318.6667,333,31200
2022-04-18,333,337,330.6667,330.6667,17400
2022-04-19,333.6667,339.3333,333.3333,336.6667,5400
2022-04-20,343.3333,345.6667,329.6667,334.6667,38400
2022-04-21,330,337,328.3333,334.6667,17400
2022-04-22,336.3333,336.6667,329.6667,336.6667,16200
2022-04-25,329,332,326.6667,329.6667,13800
2022-04-26,332,332.3333,332,332.3333,3600
2022-04-27,326.6667,329,320.3333,326.6667,14700
2022-04-28,329.6667,329.6667,329.6667,329.6667,2100
2022-05-02,326.3333,330,325.3333,327,5100
2022-05-06,330,330,322,324,3000
2022-05-09,324,324,310.6667,310.6667,19200
2022-05-10,306.3333,306.6667,298.3333,305,11700
2022-05-11,305,305,298.3333,302,12000
2022-05-12,298.6667,303,298.3333,300,12900
2022-05-13,298.6667,304.6667,298.6667,301.6667,6600
2022-05-16,256.6667,266.6667,255.3333,262.3333,114300
2022-05-17,258.3333,264.3333,256.3333,257.6667,20400
2022-05-18,262.6667,269.6667,259,266.3333,37200
2022-05-19,259.6667,266.6667,259.3333,264.6667,9600
2022-05-20,269.6667,273.6667,265,270.6667,22500
2022-05-23,268.6667,283,268.6667,277,9900
2022-05-24,282,282,266,268,18300
2022-05-25,268,268,262,265,10800
2022-05-26,266.6667,271.3333,265.6667,271.3333,8400
2022-05-27,273,273,265,270,16800
2022-05-30,272.6667,282.6667,272.6667,272.6667,10200
2022-05-31,273,273.3333,268.3333,270.6667,7800
2022-06-01,277.3333,280,272.6667,279,13500
2022-06-02,279.6667,283.3333,275.3333,277.3333,7200
2022-06-03,277.3333,280.6667,277.3333,280.6667,6300
2022-06-06,281.6667,287.6667,281.3333,283,4200
2022-06-07,283,285,278,280,4500
2022-06-08,278.6667,282.3333,275,275.6667,12300
2022-06-09,279,281,279,281,2400
2022-06-10,281.6667,282.3333,275.6667,279,13200
2022-06-13,274.6667,274.6667,272.6667,273,9000
2022-06-14,269.6667,277.6667,269.3333,277.6667,2100
2022-06-15,275,276.3333,272.6667,272.6667,3600
2022-06-16,274.3333,274.3333,272,272,3000
2022-06-17,270,270.6667,268,268.6667,7800
2022-06-20,269,272.3333,267,268.3333,4800
2022-06-21,268.3333,273.3333,268.3333,273.3333,10500
2022-06-22,277,277.6667,273.3333,273.3333,16200
2022-06-23,273.3333,276,270,276,3900
2022-06-24,276.6667,279.3333,276.6667,279.3333,18000
2022-06-27,278.3333,278.6667,277.3333,277.3333,1200
2022-06-28,275.3333,275.3333,273.6667,274,10200
2022-06-29,273.6667,273.6667,272.3333,272.3333,3300
2022-06-30,272.3333,272.3333,272.3333,272.3333,300
2022-07-01,272.3333,275.6667,269.3333,270,15900
2022-07-04,275,276.3333,271.6667,273.6667,4200
2022-07-05,274,275.6667,274,275.6667,2700
2022-07-06,272,276,272,274,3000
2022-07-07,276.6667,276.6667,274.3333,274.3333,1200
2022-07-08,276.3333,276.3333,274.3333,274.3333,2700
2022-07-11,274.6667,279,273,273,6600
2022-07-12,278,278,273,273.3333,9000
2022-07-13,273.3333,273.6667,272,272,6900
2022-07-14,272.3333,274.6667,272.3333,274.6667,1500
2022-07-15,271.3333,273.3333,270.3333,271.3333,5100
2022-07-19,271.3333,271.3333,269,269.6667,2700
2022-07-20,273,275.3333,272.6667,275.3333,1800
2022-07-21,271.6667,275.6667,269,275.6667,8100
2022-07-22,276,276.6667,272,276.3333,8700
2022-07-25,276.3333,276.3333,272,273.3333,2700
2022-07-26,275.6667,278.3333,273,273,7200
2022-07-27,277,278.3333,271,271,10200
2022-07-28,272.3333,275,269.3333,275,7200
2022-07-29,275,277.6667,267.3333,271.6667,37500
2022-08-01,271.6667,274,271.6667,272.3333,3300
2022-08-02,273.3333,276,272.6667,275.6667,3900
2022-08-03,275.3333,275.3333,274.6667,274.6667,1200
2022-08-04,279.6667,297,274,274,86100
2022-08-05,275,278.6667,274,277,37800
2022-08-08,277,277,272.3333,273.6667,10200
2022-08-09,273.3333,274.6667,270.6667,272,11400
2022-08-10,271,272.3333,271,271.3333,1200
2022-08-12,271.3333,278.6667,271,271.3333,10500
2022-08-15,275.3333,276.3333,270,271.6667,11400
2022-08-16,271,275.3333,271,275.3333,6000
2022-08-17,280,283.6667,275,281,39000
2022-08-18,281,289.3333,281,286.6667,12000
2022-08-19,294.3333,336.6667,292.3333,311.6667,333000
2022-08-22,297,307.3333,297,306.3333,40500
2022-08-23,307.3333,339.6667,306.3333,332.6667,77400
2022-08-24,333,342.3333,316.6667,332.3333,55200
2022-08-25,327.3333,333.3333,327.3333,331.6667,16200
2022-08-26,326.6667,329.3333,323.3333,328.3333,14700
2022-08-29,328,331,318.3333,331,14100
2022-08-30,331,381,329.6667,381,226200
2022-08-31,351,378.6667,338.6667,360.3333,448200
2022-09-01,360.6667,399.3333,356.6667,380,129600
2022-09-02,390,420,367.3333,400,201900
2022-09-05,388.3333,461,373.3333,445.6667,258600
2022-09-06,455.6667,464.3333,428,434.3333,170100
2022-09-07,449,449,423.3333,439.3333,57900
2022-09-08,439.6667,446,430.6667,436.6667,28200
2022-09-09,426.6667,431.6667,423.3333,426.6667,33000
2022-09-12,423.3333,448.3333,420,448.3333,20700
2022-09-13,438.3333,439.6667,431.6667,438,27300
2022-09-14,429.3333,429.3333,416.6667,426.3333,11700
2022-09-15,425,428.3333,413.3333,425.6667,19800
2022-09-16,420,428.3333,418.3333,428,13200
2022-09-20,426.3333,426.3333,421.6667,425.3333,3600
2022-09-21,423,423,418.3333,420,10200
2022-09-22,420,420,420,420,5100
2022-09-26,416.6667,431.3333,416.6667,431.3333,12600
2022-09-27,429,435.3333,427,435.3333,10200
2022-09-28,437.6667,444,433.3333,437.3333,19500
2022-09-29,437.3333,440,436,440,2700
2022-09-30,440,442.6667,436.6667,442.6667,5700
2022-10-03,436.6667,436.6667,403.6667,433.3333,22800
2022-10-04,433.6667,434.3333,433.3333,433.3333,18000
2022-10-05,433.3333,434.3333,420,434.3333,5700
2022-10-06,434.3333,434.3333,434.3333,434.3333,1200
2022-10-07,433.3333,433.3333,428.6667,431.6667,6300
2022-10-11,431.6667,431.6667,430.6667,430.6667,7800
2022-10-12,430,430,423.3333,426.6667,6000
2022-10-13,426.6667,427,426.6667,426.6667,7200
2022-10-14,426.6667,427.3333,418.3333,426.6667,10500
2022-10-17,426.6667,443,426.6667,443,17100
2022-10-18,443,466.6667,443,460,29100
2022-10-19,463,463,463,463,600
2022-10-20,457,457,452,453.3333,5100
2022-10-21,453.3333,463.6667,450,463.6667,4200
2022-10-24,471,473.3333,456.6667,456.6667,17100
2022-10-25,455,455,453.6667,453.6667,600
2022-10-26,453.6667,456,453.6667,456,1500
2022-10-27,456,458.3333,453.3333,458.3333,4500
2022-10-28,457.3333,457.3333,457.3333,457.3333,300
2022-10-31,460,479.3333,460,476.3333,18300
2022-11-01,476.3333,493.3333,475,493,21600
2022-11-02,493.3333,526.6667,493.3333,525,51900
2022-11-04,528.3333,616.6667,518.3333,594.6667,229500
2022-11-07,608,642.6667,596.3333,611.6667,123600
2022-11-08,600,601.3333,570.6667,593.3333,99300
2022-11-09,582,582,566.6667,578.3333,30300
2022-11-10,578.3333,578.3333,566.3333,570,7200
2022-11-11,567.3333,581.6667,551.6667,581.6667,24000
2022-11-14,568.3333,600,568.3333,600,12000
2022-11-15,600,600,574.6667,586.6667,36900
2022-11-16,590,590,571,581.3333,4200
2022-11-17,581.3333,583.3333,581.3333,581.3333,2400
2022-11-18,581.3333,581.3333,566.6667,568,12000
2022-11-21,568,576.6667,566.6667,576.6667,10800
2022-11-22,576.6667,576.6667,565,565,12600
2022-11-24,566.6667,576.6667,566.6667,573.3333,6900
2022-11-25,577,593.3333,577,592.3333,3600
2022-11-28,592.3333,592.3333,583.3333,583.3333,1500
2022-11-29,583.3333,590.3333,578,578,1500
2022-11-30,578,578,577,577,900
2022-12-01,577,586.6667,577,586.6667,3600
2022-12-02,580,587.3333,574,576.6667,8400
2022-12-05,572,572,566.6667,566.6667,12000
2022-12-06,566.6667,580,566.6667,566.6667,7800
2022-12-07,566.6667,579.3333,566.6667,568,4500
2022-12-08,566.6667,580,566.6667,580,6900
2022-12-09,588,590,581.3333,581.3333,5100
2022-12-12,581.3333,581.3333,581.3333,581.3333,1200
2022-12-13,579.3333,583.3333,579.3333,583.3333,900
2022-12-14,576.6667,576.6667,573,573.6667,4800
2022-12-15,580.6667,580.6667,580,580.3333,1500
2022-12-16,580,590,574.3333,574.3333,5100
2022-12-19,574.3333,583.3333,574.3333,575,1800
2022-12-20,570,570.6667,564,566.6667,5100
2022-12-21,565.6667,565.6667,556.6667,558.3333,8100
2022-12-22,579.3333,579.3333,566.6667,566.6667,1800
2022-12-23,560,560,554,559.6667,4800
2022-12-26,556.6667,556.6667,543.3333,546,7200
2022-12-27,543.3333,546,541.6667,546,1800
2022-12-28,546,546,535,535,5400
2022-12-29,535,538.3333,527.3333,531.6667,3600
2022-12-30,531.6667,531.6667,505,517.6667,3300
2023-01-04,504.3333,505,495,498.3333,14100
2023-01-05,498.3333,516.3333,498.3333,498.3333,5100
2023-01-06,498.3333,499.6667,498.3333,499.6667,3600
2023-01-10,497,500,497,497,1500
2023-01-11,498.3333,504,493.3333,493.3333,14700
2023-01-12,493.3333,493.3333,493.3333,493.3333,1500
2023-01-13,493.3333,493.3333,483.3333,491.6667,6600
2023-01-16,491.6667,491.6667,491.6667,491.6667,600
2023-01-18,490,500,490,500,600
2023-01-23,502.6667,507,502.6667,507,1200
2023-01-24,520.3333,520.3333,507,507,900
2023-01-25,514.3333,514.3333,514.3333,514.3333,300
2023-01-26,519.6667,519.6667,519.6667,519.6667,300
2023-01-27,510,510,510,510,300
2023-02-01,509,511.6667,509,511.6667,900
2023-02-03,507.3333,507.3333,506.6667,506.6667,1800
2023-02-06,510.6667,510.6667,496.6667,496.6667,6000
2023-02-07,496.6667,498.3333,495.6667,495.6667,900
2023-02-08,495.6667,495.6667,490.3333,490.3333,3900
2023-02-09,490.3333,490.3333,490.3333,490.3333,300
2023-02-10,493.3333,493.3333,490.3333,490.3333,1200
2023-02-14,496.6667,505,496.6667,505,3300
2023-02-15,500,500,490.3333,490.3333,4800
2023-02-16,493.3333,493.3333,493.3333,493.3333,600
2023-02-20,495,495,495,495,1500
2023-02-21,505,505,495.3333,495.3333,1500
2023-02-22,503.3333,503.3333,496.6667,496.6667,3300
2023-02-24,497,497,496.6667,496.6667,900
2023-02-27,496.6667,496.6667,493.6667,493.6667,1200
2023-03-01,500,510.6667,500,506.6667,9000
2023-03-02,509.6667,535.6667,509.6667,515.3333,11400
2023-03-03,515.3333,515.3333,515.3333,515.3333,300
2023-03-08,516.6667,516.6667,516.6667,516.6667,300
2023-03-09,516.6667,516.6667,516.6667,516.6667,1500
2023-03-10,516.6667,520,516.6667,520,1500
2023-03-13,520,521,520,521,1800
2023-03-14,521,522.6667,521,521,2100
2023-03-16,521,521,521,521,1500
2023-03-17,533,533,533,533,300
2023-03-20,533.3333,534,533.3333,534,1500
2023-03-22,534,537.6667,534,537.6667,1800
2023-03-23,551,603.3333,551,601.6667,34500
2023-03-24,615,615,580.3333,602,21000
2023-03-27,598.3333,610.3333,598.3333,602.6667,31500
2023-03-28,612.3333,612.3333,602.6667,605.6667,9300
2023-03-29,605.6667,610,605.6667,606.6667,3300
2023-03-30,613.3333,622.6667,610,613.3333,12600
2023-03-31,622.6667,643.3333,622.6667,630,33300
2023-04-03,633.3333,650,633.3333,648.3333,22200
2023-04-04,658.3333,664.3333,651.3333,651.3333,8100
2023-04-05,651.6667,669.6667,646.6667,646.6667,19500
2023-04-06,643.6667,672.6667,628.3333,668.3333,39300
2023-04-07,685,685,660.3333,661,28500
2023-04-10,658.3333,683.3333,658.3333,670,244500
2023-04-11,670.3333,673.3333,666.6667,666.6667,8400
2023-04-12,665,667,649.6667,665.3333,19200
2023-04-13,665.3333,672,664.6667,665.6667,7800
2023-04-14,656.6667,666.3333,656.6667,665,14100
2023-04-17,658.6667,666,656.3333,661,5400
2023-04-18,657,664,657,664,1800
2023-04-19,658.6667,661.6667,658.3333,661.6667,3900
2023-04-20,663,663.3333,658.6667,660.3333,3900
2023-04-21,656.6667,660,656.6667,660,2700
2023-04-24,669,669,656,662.6667,4500
2023-04-25,655.6667,663,655.6667,661.6667,2100
2023-04-26,664,664,640,660,5400
2023-04-27,653.3333,661,652,661,3600
2023-04-28,659.6667,659.6667,653,654.6667,3300
2023-05-01,654.6667,661.3333,648.3333,648.3333,1800
2023-05-02,635,648.3333,635,646.6667,3300
2023-05-08,646.6667,646.6667,639,639.6667,3300
2023-05-09,639.6667,642,639.6667,642,900
2023-05-10,646.6667,653,646.6667,653,1500
2023-05-11,653.3333,662.6667,646.6667,662.6667,8400
2023-05-12,666.3333,691.3333,666.3333,679,21600
2023-05-15,695,750,693.6667,721.6667,30300
2023-05-16,738.3333,738.3333,706.6667,723.3333,25500
2023-05-17,706.6667,738.3333,705.3333,737,7800
2023-05-18,737,766.6667,722.3333,754.3333,23400
2023-05-19,759.6667,776.6667,756.3333,771.6667,9600
2023-05-22,773.3333,830,773.3333,830,46200
2023-05-23,833.3333,834.3333,773.3333,793.3333,46200
2023-05-24,783.3333,850,783,818.6667,31200
2023-05-25,814.6667,863,814.6667,830.3333,52500
2023-05-26,839,850.3333,828.3333,848.3333,21900
2023-05-29,843.3333,856.3333,831,839.6667,30900
2023-05-30,835.3333,835.3333,818.6667,819.3333,9600
2023-05-31,818.3333,863.3333,813.3333,842.6667,38700
2023-06-01,835.3333,848.3333,833,833,20700
2023-06-02,833.3333,833.3333,816.6667,821.6667,23100
2023-06-05,805,833.3333,773.3333,831.6667,25800
2023-06-06,829.6667,840,821.6667,827,23700
2023-06-07,826.6667,839.6667,817.6667,829.6667,11400
2023-06-08,829.3333,837,829.3333,833.3333,14100
2023-06-09,830,840,819,831.6667,21900
2023-06-12,821.3333,835.3333,821,825.3333,16200
2023-06-13,821.6667,833.3333,813.6667,830,14400
2023-06-14,830,830,820.6667,830,4500
2023-06-15,821.6667,823.3333,804.3333,804.3333,7200
2023-06-16,818.6667,818.6667,806.3333,815,5700
2023-06-19,809.6667,823.3333,787.6667,800.3333,21300
2023-06-20,810,823.6667,798.6667,816.6667,16200
2023-06-21,824.6667,883,815,873.3333,100200
2023-06-22,856.6667,866,843.6667,862.6667,27300
2023-06-23,847.6667,851.6667,812,820.3333,21300
2023-06-26,820.3333,826.6667,774.6667,777.3333,14700
2023-06-27,763.3333,783,745,745,18900
2023-06-28,766.6667,820,740.3333,761.6667,16200
2023-06-29,778.3333,778.6667,727.3333,733.3333,19500
2023-06-30,733.3333,766.3333,733.3333,750.6667,7200
2023-07-03,750.6667,757.6667,683.6667,741.6667,17400
2023-07-04,741.6667,741.6667,716.6667,741.3333,30600
2023-07-05,725,733.3333,718,721.6667,10500
2023-07-06,713.3333,736,709,733.3333,5400
2023-07-07,700,750,693.6667,724.6667,20700
2023-07-10,724.6667,724.6667,698.3333,705,8100
2023-07-11,710,710,684.3333,684.3333,900
2023-07-12,683.3333,689,673,673,7200
2023-07-13,663,680.3333,649,678.3333,10500
2023-07-14,682.3333,689,672.3333,681.6667,8700
2023-07-18,683,686.3333,676.6667,686.3333,2700
2023-07-19,703,723.6667,681.3333,681.3333,7500
2023-07-20,698,698,684,696.6667,3600
2023-07-21,696.6667,696.6667,694,696.6667,1200
2023-07-24,713.3333,713.3333,713.3333,713.3333,300
2023-07-25,711.6667,711.6667,683.3333,691,2400
2023-07-26,706,706,706,706,300
2023-07-27,712,712,688.3333,701.3333,2700
2023-07-28,700,710,700,710,1500
2023-07-31,700,707.6667,700,700,7200
2023-08-01,700,712.3333,700,700,3900
2023-08-02,700,701.3333,700,701.3333,600
2023-08-03,700,716,700,700,4500
2023-08-04,700,723,690,723,8700
2023-08-07,731.6667,731.6667,710,711.6667,3600
2023-08-08,708.3333,708.3333,692.3333,693.3333,16200
2023-08-09,691.6667,702,691,701.6667,6000
2023-08-10,702.3333,710,693.3333,705,21300
2023-08-14,705,721.6667,688.6667,689.3333,2700
2023-08-15,706,721.6667,706,713.3333,1500
2023-08-17,713,713,680,680,4500
2023-08-18,666.6667,666.6667,666.6667,666.6667,1200
2023-08-21,716.6667,716.6667,693,693,1500
2023-08-22,708,708,679.3333,679.3333,1800
2023-08-23,670.3333,683.3333,666.6667,677.3333,6900
2023-08-24,672.6667,672.6667,672.6667,672.6667,600
2023-08-25,673,800,666.6667,733.6667,38700
2023-08-28,733.6667,800,733.6667,767.3333,23400
2023-08-29,784,798.3333,763.6667,765.3333,9300
2023-08-30,782,782,737.3333,737.3333,1500
2023-08-31,754,754,709,709,6300
2023-09-01,700.6667,714.6667,687.3333,714.6667,8100
2023-09-04,713.6667,738,701,738,3900
2023-09-05,728,730,727.3333,727.3333,3600
2023-09-06,733.3333,733.3333,733.3333,733.3333,300
2023-09-07,720.3333,732.6667,720.3333,732.6667,900
2023-09-08,716,716,683.6667,700,7200
2023-09-11,701.6667,705.6667,685,704.3333,2100
2023-09-12,687.6667,694,687.6667,694,1200
2023-09-13,693.3333,699.6667,680,680.3333,6300
2023-09-19,671.6667,676,661.6667,674.6667,3900
2023-09-20,675,675,675,675,300
2023-09-21,661,674,661,674,1800
2023-09-22,674,674,674,674,300
2023-09-25,659,671.6667,656.6667,671.6667,3600
2023-09-26,679.6667,681,679.6667,681,1800
2023-09-29,664.3333,677.6667,664.3333,677.6667,1500
2023-10-03,661,692.6667,653.3333,692.6667,3000
2023-10-04,659.3333,672.6667,659.3333,672.6667,1500
2023-10-06,656,674.3333,656,674.3333,2400
2023-10-11,674,674,655.3333,670,1800
2023-10-12,659,672.3333,659,672.3333,600
2023-10-13,663,663,656.6667,656.6667,1200
2023-10-16,650,650,650,650,300
2023-10-17,663.3333,663.3333,646.6667,646.6667,1200
2023-10-18,665.6667,680,656.3333,673.3333,8100
2023-10-20,656.6667,670,656.6667,670,1800
2023-10-24,686.6667,686.6667,685.3333,686.3333,1800
2023-10-30,673.3333,673.3333,658,663.6667,1500
2023-10-31,657,660,651.6667,660,3600
2023-11-01,650.6667,660,650.6667,653.6667,900
2023-11-02,658.3333,658.3333,650,655,1800
2023-11-06,644.6667,658.3333,644.6667,658.3333,1200
2023-11-07,659.6667,659.6667,645.3333,655,1500
2023-11-08,655,660,645.3333,659.6667,3000
2023-11-09,660,671.6667,660,671.6667,900
2023-11-13,666.6667,666.6667,648.3333,648.3333,1800
2023-11-14,648.3333,651.3333,648.3333,651.3333,900
2023-11-15,643.6667,656.6667,640,656.6667,3300
2023-11-16,658,658,658,658,300
2023-11-17,644.6667,657.3333,644.6667,657.3333,600
2023-11-20,644,652,584,604.3333,21300
2023-11-21,592,607,592,607,2400
2023-11-22,610.3333,610.3333,568.3333,600,21600
2023-11-27,583.3333,583.3333,567.6667,572.3333,2100
2023-11-28,572.6667,576.3333,566.6667,567,3600
2023-11-29,566.6667,596.6667,566.6667,594.6667,9300
2023-11-30,600,603,595,603,2400
2023-12-01,603.3333,603.3333,603.3333,603.3333,300
2023-12-05,603.3333,616.6667,603.3333,616.6667,6300
2023-12-07,594.3333,606.6667,594.3333,606.6667,6900
2023-12-08,603.3333,603.6667,603.3333,603.3333,1500
2023-12-11,590,592.6667,590,592.3333,1800
2023-12-12,589.3333,592.3333,570.3333,587,5700
2023-12-13,577.6667,577.6667,567,576.6667,3900
2023-12-14,568.3333,568.6667,560.6667,562,10800
2023-12-15,575.3333,575.3333,552.3333,560.3333,2100
2023-12-18,550.3333,560.3333,547,560.3333,13200
2023-12-19,549,549,524,530.3333,22800
2023-12-20,526.3333,550,526.3333,543.3333,3600
2023-12-21,543.3333,573.3333,540.3333,573.3333,63600
2023-12-22,574.3333,581.3333,557.3333,579.3333,38100
2023-12-25,579.3333,579.3333,579.3333,579.3333,900
2023-12-26,579.3333,589.6667,550,550,64200
2023-12-27,566.6667,568.3333,566.6667,566.6667,3000
2023-12-28,587.6667,589.3333,586.6667,589.3333,1200
2023-12-29,591.3333,592.6667,583.3333,592.6667,2700
2024-01-04,579.3333,583.3333,579.3333,583.3333,900
2024-01-05,588.6667,592,588.6667,592,900
2024-01-09,600,600,586.6667,595.6667,1500
2024-01-10,586.6667,586.6667,581.3333,581.3333,900
2024-01-11,586.6667,587,582.3333,582.3333,3000
2024-01-12,575.3333,593,575.3333,593,3900
2024-01-15,585,585,574.3333,574.3333,3900
2024-01-17,566.3333,573.3333,549.3333,573.3333,5100
2024-01-18,573.3333,576.6667,573.3333,576.6667,600
2024-01-19,575,575,575,575,300
2024-01-22,573,573,573,573,900
2024-01-23,573,573,573,573,1200
2024-01-24,573.3333,573.3333,573,573,600
2024-01-25,573,573,567,573,2700
2024-01-26,573,573,573,573,300
2024-01-29,573.6667,573.6667,573,573,900
2024-01-30,573,579.6667,572.6667,579.6667,1200
2024-01-31,572.6667,572.6667,553,563.6667,4200
2024-02-01,566.6667,570,566.6667,570,1500
2024-02-02,563.6667,566.6667,557.6667,559.3333,3300
2024-02-05,566.6667,566.6667,563,563,600
2024-02-06,566.6667,566.6667,560,563.6667,2100
2024-02-07,566.6667,567,564.6667,564.6667,3900
2024-02-08,564.6667,564.6667,564.6667,564.6667,600
2024-02-09,563.6667,564.6667,550.3333,563,5700
2024-02-13,563,570,563,570,900
2024-02-14,570,570,551.3333,559.6667,3000
2024-02-15,550.6667,556.6667,550,550,15000
2024-02-16,539.6667,558.6667,533.3333,558.6667,18900
2024-02-19,568.6667,596.6667,568.6667,593.6667,15300
2024-02-20,613.3333,630,613.3333,630,2100
2024-02-21,633.3333,633.3333,615,615,12300
2024-02-22,628.3333,644,628.3333,636.6667,9000
2024-02-26,623.3333,636.6667,623.3333,636.6667,2100
2024-02-27,651.6667,666.6667,650,658.6667,14700
2024-02-28,658.6667,676,658.6667,675,5700
2024-02-29,658.3333,662,633.3333,655.6667,30900
2024-03-01,653.6667,653.6667,653.6667,653.6667,300
2024-03-04,635.6667,649,635.6667,635.6667,1800
2024-03-05,631.6667,631.6667,618.3333,629.6667,7500
2024-03-06,629,629,628.3333,629,4500
2024-03-07,633.3333,633.3333,633.3333,633.3333,1500
2024-03-08,620,620,615,615,4500
2024-03-11,607,607,607,607,1500
2024-03-12,604.3333,604.3333,604.3333,604.3333,600
2024-03-13,604.6667,605.3333,604.6667,605,900
2024-03-14,604.3333,605.3333,600.6667,600.6667,3300
2024-03-15,605.6667,606,605.6667,606,900
2024-03-18,619.3333,635,619.3333,620,16800
2024-03-22,620.3333,620.3333,620.3333,620.3333,600
2024-03-25,622.3333,622.3333,622.3333,622.3333,300
2024-03-26,623.3333,623.3333,616.6667,616.6667,600
2024-03-27,616.6667,616.6667,616.6667,616.6667,300
2024-03-29,613.3333,613.3333,604.3333,604.3333,2700
2024-04-01,600,600,600,600,300
2024-04-02,626.6667,649,626.6667,634,1500
2024-04-03,607.3333,607.3333,593.3333,593.3333,1500
2024-04-08,580,606.6667,580,606.6667,600
2024-04-09,593.3333,593.3333,580,593.3333,4200
2024-04-10,593.3333,593.3333,593.3333,593.3333,2100
2024-04-11,593.3333,593.3333,593.3333,593.3333,300
2024-04-12,600,600,600,600,3900
2024-04-15,586.6667,586.6667,586.6667,586.6667,300
2024-04-16,581.6667,581.6667,581.6667,581.6667,300
2024-04-22,608.3333,610,596.6667,596.6667,2400
2024-04-23,597,597,577,577,1200
2024-04-24,590,590,578,578,900
2024-04-25,580,580,580,580,300
2024-05-01,566.6667,566.6667,553.3333,566.6667,1800
2024-05-10,593.3333,593.3333,568.3333,568.3333,900
2024-05-13,591,591,591,591,600
2024-05-22,590.6667,591.6667,590.6667,591.6667,2100
2024-05-23,578.3333,578.3333,578.3333,578.3333,600
2024-05-27,581.6667,581.6667,568.3333,581.3333,3900
2024-05-30,574.6667,576.6667,562.3333,576.6667,2700
2024-05-31,586.6667,586.6667,586.6667,586.6667,900
2024-06-03,599.6667,599.6667,573,573,900
2024-06-06,559.6667,573,559.6667,573,600
2024-06-13,573,573.3333,559.6667,573.3333,4200
2024-06-14,561,587.6667,561,587.6667,900
2024-06-18,587.6667,587.6667,587.6667,587.6667,5400
2024-06-19,588.6667,588.6667,588,588.3333,12600
2024-06-20,586,586,572.6667,576,2400
2024-06-21,574.3333,578.3333,574.3333,578.3333,7800
2024-06-24,580.3333,588.3333,578.3333,588.3333,61800
2024-06-25,588.6667,592,588.6667,591.6667,1200
2024-06-27,591.6667,591.6667,591.6667,591.6667,600
2024-06-28,596,602.6667,596,602.6667,3900
2024-07-01,605,605,605,605,300
2024-07-02,605.3333,605.3333,603.6667,603.6667,2100
2024-07-03,630.3333,630.3333,617,617,600
2024-07-05,629.6667,629.6667,629.6667,629.6667,300
2024-07-09,623.6667,623.6667,623.3333,623.3333,900
2024-07-10,650,650,623.3333,623.3333,2700
2024-07-11,610,623.3333,610,623.3333,2700
2024-07-12,617.6667,620,617.6667,620,1500
2024-07-22,615.6667,615.6667,615.6667,615.6667,600
2024-07-23,620,622.6667,613,622.6667,1200
2024-07-24,615,615,615,615,300
2024-08-05,628.3333,628.3333,530,566.3333,4200
2024-08-06,517,530,490,528.3333,11100
2024-08-07,501.6667,528.3333,466.6667,528.3333,62400
2024-08-08,528.3333,549.6667,528.3333,549.6667,2100
2024-08-09,517.3333,538.3333,509.3333,538.3333,90600
2024-08-13,538.3333,538.3333,537,537,600
2024-08-14,533.3333,533.3333,533.3333,533.3333,5100
2024-08-15,526.6667,551,526.6667,540,2100
2024-08-19,513.3333,526.6667,500,526.6667,2700
2024-08-20,533.3333,533.3333,533.3333,533.3333,600
2024-08-21,526.6667,533.3333,526.6667,533.3333,2100
2024-08-22,535.6667,535.6667,509,529,1800
2024-08-23,515.6667,529,515.6667,528.3333,900
2024-08-27,520,530,515.3333,515.3333,15600
2024-08-28,515.3333,515.3333,515.3333,515.3333,600
2024-08-29,515.3333,515.3333,499.3333,510,12600
2024-09-06,500,510,500,510,4500
2024-09-09,510,510,483.3333,510,5400
2024-09-10,510,510,510,510,300
2024-09-11,510,510,496.6667,500,1500
2024-09-12,501.6667,514.6667,500,514.6667,2100
2024-09-13,501.3333,506.6667,478.3333,506.6667,27000
2024-09-18,500.3333,500.3333,500.3333,500.3333,1500
2024-09-19,513.3333,526.6667,513.3333,526.6667,22500
2024-09-24,526.6667,533.3333,519.6667,520,12000
2024-09-25,526.3333,526.3333,510.3333,517,2700
2024-09-26,517,517,507.3333,517,1200
2024-09-27,507.3333,507.3333,506.6667,506.6667,2700
2024-10-01,493.3333,516.6667,493.3333,500,33000
2024-10-02,486.6667,496.3333,486.6667,490,1500
2024-10-03,493.3333,493.3333,483.3333,483.3333,600
2024-10-04,483.3333,493.3333,483.3333,493.3333,900
2024-10-07,463.3333,509.3333,463.3333,490,142500
2024-10-08,483.3333,505,473.3333,505,4800
2024-10-09,500.3333,515.6667,500.3333,515.6667,1500
2024-10-15,502.3333,515,502.3333,515,2400
2024-10-16,503.6667,503.6667,496,496,7800
2024-10-17,486,496,486,488,3000
2024-10-21,479,479.3333,479,479.3333,900
2024-10-22,481.3333,481.3333,481,481,1200
2024-10-23,471,506,471,506,3000
2024-10-24,504,513,500.6667,501,8700
2024-10-25,504.6667,513,503.3333,509.6667,29700
2024-10-28,509.6667,512.3333,487,505.3333,3600
2024-10-29,512.3333,516.6667,512.3333,516.6667,29700
2024-10-30,516,516,489.3333,489.3333,14100
2024-10-31,489.3333,489.3333,489.3333,489.3333,300
2024-11-01,470.6667,497.3333,470.6667,497.3333,24000
2024-11-05,497.3333,558.3333,497.3333,526.6667,27900
2024-11-06,513.3333,533,510.3333,533,2100
2024-11-07,519.6667,533,519.6667,533,600
2024-11-08,506.3333,553.3333,506.3333,553.3333,5700
2024-11-11,565,566.6667,533.6667,533.6667,28500
2024-11-12,545.3333,545.3333,536.6667,536.6667,600
2024-11-13,523.3333,550,523.3333,550,900
2024-11-14,550,550,550,550,300
2024-11-18,546.3333,546.3333,546.3333,546.3333,300
2024-11-20,533,533,533,533,300
2024-11-21,546.3333,559.6667,546.3333,559.6667,1500
2024-11-22,558,558,546.6667,546.6667,600
2024-11-25,533.6667,545.6667,524.6667,545.6667,900
2024-11-26,532.3333,549.3333,532.3333,549.3333,5100
2024-11-27,549.3333,549.3333,549.3333,549.3333,1200
2024-11-28,549,549,549,549,300
2024-11-29,535.6667,548.6667,535.6667,548.6667,2100
2024-12-02,548.6667,548.6667,548.6667,548.6667,300
2024-12-03,548.3333,548.3333,548.3333,548.3333,300
2024-12-04,546.6667,546.6667,546.6667,546.6667,12300
2024-12-05,543.3333,546.6667,543.3333,546.6667,2700
2024-12-06,546.6667,546.6667,546.6667,546.6667,900
2024-12-09,546.6667,546.6667,546.6667,546.6667,9300
2024-12-12,546.6667,546.6667,546.6667,546.6667,900
2024-12-16,533.3333,533.3333,533.3333,533.3333,600
2024-12-17,533.3333,533.3333,533.3333,533.3333,3000
2024-12-18,533,583.3333,533,579.6667,16500
2024-12-19,575.6667,575.6667,575.6667,575.6667,300
2024-12-20,576.3333,576.3333,563,563,3600
2024-12-23,552,583.3333,552,583.3333,10200
2024-12-24,583.3333,583.6667,562,583.6667,8100
2024-12-25,570.3333,616.6667,570.3333,616.3333,46200
2024-12-26,603,603,603,603,300
2024-12-27,589.6667,589.6667,589.6667,589.6667,300
2025-01-06,576.3333,576.3333,576.3333,576.3333,300
2025-01-07,563,576.6667,553,575.6667,4800
2025-01-08,575.6667,594.3333,575.6667,594.3333,1200
2025-01-09,581,600,581,600,1800
2025-01-10,586.6667,586.6667,586.6667,586.6667,300
2025-01-15,600,600,577.6667,581,2400
2025-01-16,586.6667,586.6667,586.6667,586.6667,300
2025-01-17,573.3333,593,573.3333,592.6667,3600
2025-01-22,594.6667,594.6667,594.6667,594.6667,300
2025-01-30,581.3333,581.3333,581.3333,581.3333,600
2025-02-05,568,568.3333,568,568.3333,3600
2025-02-06,568.3333,582,568.3333,581.6667,6300
2025-02-07,581.6667,581.6667,581.6667,581.6667,300
2025-02-13,555,571.6667,555,571.6667,3900
2025-02-14,571.6667,593,571.3333,593,4800
2025-02-21,599.6667,599.6667,599.6667,599.6667,300
2025-02-25,599,599,573.3333,573.3333,1500
2025-02-27,560,583.6667,560,583.6667,600
2025-03-03,583.6667,583.6667,557.6667,583.6667,2100
2025-03-10,583.3333,593,583.3333,593,4200
2025-03-11,593.3333,593.3333,593.3333,593.3333,1200
2025-03-24,620,620,616.6667,616.6667,900
2025-03-25,616.3333,616.3333,616,616,900
2025-03-26,616.6667,616.6667,616.6667,616.6667,3000
2025-03-27,616.6667,616.6667,590,590,3900
2025-03-31,536.6667,563.3333,536.6667,563.3333,6600
2025-04-03,566,566,566,566,300
2025-04-08,566.3333,566.3333,566.3333,566.3333,6000
2025-04-09,526.3333,573,526.3333,572.6667,3900
2025-04-18,559.3333,559.3333,559.3333,559.3333,300
2025-04-22,572.6667,572.6667,559.3333,559.3333,900
2025-04-23,572.6667,631.6667,571.6667,613.3333,48000
2025-04-24,613.3333,618,613.3333,618,2700
2025-04-25,618,618,617.6667,618,1800
2025-04-28,618,618.3333,618,618.3333,1200
2025-05-01,618.3333,618.3333,577.3333,577.3333,6900
2025-05-07,577.3333,577.6667,577,577.3333,36900
2025-05-08,577.3333,580,577.3333,580,2100
2025-05-09,606.6667,623.3333,606.6667,616.6667,34800
2025-05-15,616.6667,616.6667,616.6667,616.6667,300
2025-05-20,598.3333,611.6667,598.3333,611.6667,2700
2025-05-22,615.6667,615.6667,615.6667,615.6667,300
2025-06-02,602.3333,602.3333,576,589.3333,2100
2025-06-03,576,603.3333,576,603.3333,4200
2025-06-09,596.6667,596.6667,596.6667,596.6667,300
2025-06-11,583.3333,583.3333,583.3333,583.3333,300
2025-06-17,570,570,556.6667,556.6667,1200
2025-06-18,570,583.3333,570,583.3333,3000
2025-06-23,583.3333,583.3333,583.3333,583.3333,1200
2025-06-24,609.6667,609.6667,600,600,1200
2025-06-25,586.6667,609,586.6667,609,600
2025-06-26,595.6667,609,595.6667,608.3333,900
2025-07-01,595,595,595,595,300
2025-07-08,608.3333,608.3333,608.3333,608.3333,300
2025-07-09,621.6667,621.6667,615,615,600
2025-07-11,621.6667,632.3333,592.3333,619,20100
2025-07-17,592.3333,592.3333,592.3333,592.3333,1500
2025-07-22,592.3333,592.3333,592.3333,592.3333,1500
2025-07-23,598.3333,598.3333,598.3333,598.3333,300
2025-08-05,610,610,610,610,300
2025-08-06,596.6667,616.6667,596.6667,616.6667,2400
2025-08-07,603.3333,613.3333,600,613.3333,1200
2025-08-13,613.3333,613.3333,613.3333,613.3333,300
2025-08-15,600,600,586.6667,600,1200
2025-08-19,586.6667,590,586.6667,590,600
2025-08-20,603.3333,616.6667,590,590,2700
2025-08-21,603.3333,603.3333,603.3333,603.3333,600
2025-08-22,603.3333,603.3333,603.3333,603.3333,300
2025-08-25,603.3333,603.3333,600,600,1200
2025-08-26,613.3333,613.3333,611,611,1200
2025-09-02,600.3333,600.3333,600.3333,600.3333,1500
2025-09-03,600,611,600,611,1500
2025-09-04,612.6667,744.3333,612.6667,744.3333,313500
2025-09-05,823.3333,826.6667,695.6667,720,204600
2025-09-08,720,720,670.3333,696,19800
2025-09-09,712.6667,712.6667,663.6667,664,18600
2025-09-10,664,683.3333,664,668,2400
2025-09-11,684.6667,765.6667,683.3333,735,24900
2025-09-12,751.6667,758,690.6667,706,5400
2025-09-16,672.6667,672.6667,650,664,10200
2025-09-17,677.3333,683.3333,650,650,4800
2025-09-18,676.6667,690,660,690,2100
2025-09-19,673.3333,700,673.3333,692.6667,2700
2025-09-22,693.6667,719,693.6667,719,5700
2025-09-24,749.3333,762.3333,722.6667,762.3333,12600
2025-09-25,766.6667,767,747,747,11700
2025-09-29,730.3333,730.3333,684.3333,684.3333,1800
2025-10-03,700,700,700,700,300
2025-10-06,700,700,700,700,300
2025-10-14,700,706.6667,700,700,4800
2025-10-15,682.6667,682.6667,682.6667,682.6667,1200
2025-10-16,666,666,666,666,300
2025-10-17,652.6667,716.6667,652.6667,716.6667,3900
2025-10-20,683.3333,700,683.3333,700,600
2025-10-22,714.6667,714.6667,714.6667,714.6667,300
2025-10-23,716.6667,716.6667,716.6667,716.6667,1800
2025-10-24,700,700,700,700,600
2025-10-29,666.6667,666.6667,666.6667,666.6667,300
2025-10-30,675.3333,675.3333,658.6667,658.6667,900
2025-10-31,645.3333,658.6667,645.3333,658.6667,600
2025-11-05,665,665,665,665,300
2025-11-07,674.6667,674.6667,658,671.3333,1200
2025-11-12,641.3333,641.3333,641.3333,641.3333,300
2025-11-14,641.6667,641.6667,641.6667,641.6667,600
2025-11-17,641.6667,641.6667,641.6667,641.6667,600
2025-11-18,639.6667,642,639.6667,641.6667,5700
2025-11-25,668.3333,668.3333,668.3333,668.3333,900
2025-11-27,668.3333,723,668.3333,723,7500
2025-11-28,689.6667,766.6667,683.3333,717.3333,45300
2025-12-01,717.3333,717.3333,717.3333,717.3333,900
2025-12-02,714,714,714,714,300
2025-12-03,697.3333,697.3333,655.3333,655.3333,6600
2025-12-04,644.3333,682.3333,643.3333,678,5400
2025-12-05,678.3333,678.3333,648.3333,650,3000
2025-12-08,656.3333,676.6667,656.3333,670,2400
2025-12-09,640,666.3333,640,666.3333,1800
2025-12-10,660,666.3333,646.6667,666.3333,15600
2025-12-11,655,661.6667,648.3333,661.6667,29100
2025-12-12,661.6667,661.6667,659.6667,659.6667,600
2025-12-16,646.3333,646.3333,644.6667,644.6667,900
2025-12-17,631.3333,656.3333,631.3333,656.3333,1200
2025-12-18,653,656.3333,652.3333,652.3333,1800
2025-12-22,651.3333,651.3333,651.3333,651.3333,600
2025-12-23,643.3333,648.6667,643.3333,648.6667,1500
2025-12-24,635.3333,635.3333,622,635.3333,2100
2025-12-25,633.3333,648.3333,623,648.3333,4500
2025-12-26,643.3333,643.3333,620,620,600
2025-12-29,633.3333,643.3333,616.6667,643.3333,5400
2025-12-30,630,644.6667,621.6667,631.3333,2100
2026-01-05,620.6667,633.3333,620.6667,633.3333,600
2026-01-06,633,633,633,633,600
2026-01-07,633,637.6667,609.3333,630,3600
2026-01-08,630.6667,636.6667,630.6667,632,17400
2026-01-09,634,634,617,617,3000
2026-01-13,630.3333,630.3333,600,607.6667,12000
2026-01-14,594.3333,594.3333,560,581.6667,17400
2026-01-20,568.3333,595,568.3333,595,2100
2026-01-21,581.6667,581.6667,581.6667,581.6667,300
2026-01-22,608.3333,621.6667,594.6667,602,6000
2026-01-23,599.6667,635.3333,584,635,11700
2026-01-26,634,659.6667,633.3333,636.6667,18000
2026-01-28,633.3333,633.3333,633.3333,633.3333,300
2026-01-30,655.3333,659,655.3333,659,1800
2026-02-03,659,659,659,659,300
2026-02-04,633.3333,646.6667,632.3333,646.6667,7500
2026-02-05,656.3333,656.3333,656.3333,656.3333,600
2026-02-09,660.3333,660.3333,647,647.6667,900
2026-02-10,647.3333,647.3333,647.3333,647.3333,300
2026-02-12,643.6667,643.6667,643.6667,643.6667,78600
2026-02-13,630.3333,643.6667,630.3333,643.6667,600
2026-02-16,657,657,643.6667,643.6667,900
2026-02-17,648.3333,648.3333,648.3333,648.3333,300
2026-02-18,635,648,634.6667,638.3333,3600
2026-02-19,625,638.6667,625,638.3333,1200
2026-02-20,625,640.3333,625,636.6667,4800
2026-02-24,650,650,650,650,1500
2026-02-25,659.6667,659.6667,659.6667,659.6667,1200
2026-02-27,643.3333,649.3333,636.6667,649.3333,9000
2026-03-02,643.3333,656.6667,630,650,17100
2026-03-03,641,641,641,641,600
2026-03-04,630,643.3333,623.3333,643.3333,15300
2026-03-05,654.6667,654.6667,654.6667,654.6667,1200
2026-03-09,646.6667,649.6667,646.6667,649.6667,1800
2026-03-10,636.3333,650,624,640.3333,2700
2026-03-11,627,640.3333,627,640.3333,600
2026-03-12,627,627,627,627,600
2026-03-17,640.3333,640.3333,640.3333,640.3333,300
2026-03-24,649,649,646.6667,646.6667,2400
2026-03-25,638.3333,638.3333,633.3333,633.3333,900
2026-03-26,622.6667,633.6667,621,633.3333,3000
2026-03-27,616.6667,652,616.6667,652,120600
2026-03-30,632,710,631,700,20600
2026-03-31,700,720,664,699,79400
2026-04-01,700,702,679,698,50600
2026-04-02,698,700,693,693,5500
2026-04-03,700,701,700,700,19600
2026-04-06,700,700,685,698,1400
2026-04-07,708,708,708,708,1600
2026-04-08,709,709,695,704,700
2026-04-09,689,699,689,696,700
2026-04-10,686,687,686,687,500
2026-04-13,687,700,671,681,13200
2026-04-14,680,699,670,699,11100
2026-04-15,689,689,677,679,6200
2026-04-16,688,690,681,681,5000
2026-04-17,691,700,687,700,10200
2026-04-20,696,826,695,808,74700
2026-04-21,815,958,815,958,203100
2026-04-22,960,990,890,933,71700
2026-04-23,918,972,850,958,46000
2026-04-24,964,993,927,993,40600
2026-04-27,996,1137,980,995,56600
2026-04-28,1035,1035,983,1033,33000
2026-04-30,1063,1136,1017,1042,36000
2026-05-01,1072,1082,1048,1077,11500
2026-05-07,1083,1233,1083,1231,96300
2026-05-08,1234,1310,1160,1198,64500
2026-05-11,1200,1202,1100,1105,78700
2026-05-12,1100,1200,1023,1200,57600
2026-05-13,1195,1224,1109,1130,80900
2026-05-14,1105,1157,1041,1122,74000
2026-05-15,1122,1220,1111,1215,65400
2026-05-18,1200,1258,1102,1139,30800
2026-05-19,1139,1139,1096,1115,22700
2026-05-20,1145,1192,1117,1154,24000
2026-05-21,1184,1200,1151,1187,22200
2026-05-22,1193,1193,1143,1181,16100
2026-05-25,1200,1240,1169,1226,38600
2026-05-26,1196,1290,1195,1245,101000
2026-05-27,1243,1270,1160,1191,58900
2026-05-28,1218,1240,1081,1202,70500
2026-05-29,1199,1223,1175,1205,28200
